"id","Q3Q1Q2_participation","Q3Q1Q2_exprimes","Q3Q1Q2_nuls","Q3Q1Q2_blancs","Q3Q1Q2_CAND_01","Q3Q1Q2_CAND_02","Q3Q1Q2_CAND_03","Q3Q1Q2_CAND_04","Q3Q1Q2_CAND_05","Q3Q1Q2_CAND_06","Q3Q1Q2_CAND_07","Q3Q1Q2_CAND_08","Q3Q1Q2_CAND_09","Q3Q1Q2_CAND_10","Q3Q1Q2_CAND_11","Q3Q1Q2_CAND_12","Q3Q1Q2_CAND_13","Q3Q1Q2_CAND_14","Q3Q1Q2_CAND_15","Q3Q1Q2_CAND_16","Q3Q1Q2_CAND_17","Q3Q1Q2_CAND_18","Q3Q1Q2_CAND_19","Q3Q1Q2_CAND_20","Q3Q1Q2_CAND_21","Q3Q1Q2_CAND_22","Q3Q1Q2_CAND_23","Q3Q1Q2_CAND_24","Q3Q1Q2_CAND_25","Q3Q1Q2_CAND_26","Q3Q1Q2_CAND_27"
"TN111",0.179,0.014,1.302,1.044,Inf,NaN,0.94,0.892,NaN,1.25,0.28,1.34,NaN,Inf,1,NaN,0.711,Inf,NaN,2.208,NaN,NaN,NaN,Inf,2.815,NaN,0.708,0.562,1.227,1.034,0.844
"TN112",0.124,0.019,1.476,0.819,Inf,NaN,0.964,0.681,Inf,Inf,0.363,0.632,NaN,Inf,0.575,Inf,0.44,1.128,NaN,1.934,Inf,NaN,NaN,Inf,2.667,NaN,0.867,0.278,Inf,0.715,0.687
"TN113",0.14,0.011,1.271,1.667,NaN,NaN,0.973,1.029,NaN,Inf,0.446,0.505,NaN,Inf,1.037,NaN,0.667,Inf,NaN,1.923,NaN,NaN,NaN,Inf,1.036,NaN,0.707,0.49,Inf,0.907,0.817
"TN114",0.142,0.024,1.443,1.457,Inf,NaN,0.851,0.615,NaN,Inf,0.266,0.462,NaN,Inf,1.038,NaN,0.812,Inf,NaN,1.788,NaN,NaN,NaN,Inf,1.191,Inf,0.608,0.236,1.865,0.689,0.78
"TN115",0.169,0.03,2.304,2.511,Inf,NaN,0.87,0.632,NaN,1.386,0.264,0.712,Inf,Inf,0.91,Inf,0.794,Inf,NaN,1.935,Inf,Inf,Inf,Inf,0.929,NaN,0.806,0.358,Inf,0.587,0.513
"TN116",0.149,0.015,1.5,1.295,Inf,NaN,0.956,0.758,NaN,Inf,0.329,0.405,Inf,Inf,0.767,Inf,0.705,Inf,Inf,1.044,Inf,Inf,Inf,Inf,1.52,NaN,0.993,0.244,Inf,0.512,0.725
"TN117",0.089,0.011,1.176,1.042,Inf,NaN,1.281,0.992,Inf,Inf,0.283,0.335,NaN,1.146,0.881,Inf,0.753,Inf,NaN,0.582,NaN,Inf,NaN,1.196,0.867,NaN,0.673,0.154,1.205,0.627,0.718
"TN118",0.149,0.007,1.826,1.955,NaN,NaN,1,0.943,NaN,Inf,0.236,0.801,NaN,Inf,1.462,NaN,0.717,1.421,NaN,1.607,NaN,NaN,NaN,Inf,1.406,NaN,0.769,0.468,Inf,0.975,0.987
"TN119",0.127,0.008,1.694,2.167,Inf,NaN,0.72,0.623,NaN,Inf,0.491,0.515,Inf,Inf,2.042,NaN,0.62,Inf,Inf,0.72,NaN,NaN,NaN,2.024,1.963,NaN,0.83,0.477,Inf,1.26,0.847
"TN11A",0.133,0.008,1.543,1.138,NaN,NaN,0.985,0.727,NaN,Inf,0.309,0.642,NaN,Inf,1.025,NaN,0.701,Inf,NaN,0.709,NaN,NaN,NaN,Inf,1.156,NaN,0.768,0.253,Inf,0.742,0.695
"TN11B",0.133,0.043,1.563,2.139,Inf,Inf,3.05,0.951,0.945,2.5,0.126,0.509,Inf,Inf,1,NaN,0.541,Inf,NaN,Inf,NaN,Inf,Inf,0.722,1.172,Inf,1.238,0.185,Inf,0.673,0.788
"TN11C",0.112,0.025,1.674,1.219,2.614,NaN,1.178,0.681,Inf,Inf,0.257,0.436,NaN,Inf,1.085,NaN,0.662,Inf,Inf,1.465,Inf,NaN,NaN,1.912,1.617,NaN,1.283,0.223,Inf,0.779,0.457
"TN11D",0.135,0.025,1.533,1.464,Inf,NaN,0.881,1.151,Inf,Inf,0.312,0.437,Inf,Inf,1.2,NaN,0.74,Inf,Inf,1.117,Inf,Inf,Inf,Inf,2.355,NaN,0.828,0.192,1.292,0.587,0.516
"TN11E",0.183,0.025,1.876,1.352,Inf,NaN,2.103,0.934,1.548,1.311,0.348,0.383,Inf,Inf,1.103,Inf,1.064,Inf,Inf,1.659,Inf,Inf,Inf,Inf,2.152,NaN,1.164,0.234,Inf,0.521,0.472
"TN11F",0.134,0.016,1.074,1.133,Inf,NaN,1.034,1.133,NaN,Inf,0.331,0.391,NaN,Inf,1.067,Inf,0.802,1.234,Inf,2.553,NaN,NaN,NaN,Inf,0.906,NaN,0.941,0.201,Inf,0.638,0.589
"TN11G",0.132,0.017,2.071,1.25,Inf,Inf,1.291,0.986,Inf,Inf,0.321,0.357,Inf,Inf,1.373,Inf,0.737,Inf,Inf,2,Inf,Inf,NaN,Inf,1.2,NaN,0.924,0.22,Inf,0.694,0.552
"TN11H",0.131,0.027,1.874,2.783,Inf,NaN,1.343,1.204,NaN,1.174,0.293,0.748,Inf,Inf,1.155,Inf,1.015,Inf,Inf,1.12,Inf,NaN,Inf,Inf,2.182,NaN,1.216,0.217,Inf,0.916,0.601
"TN11I",0.139,0.044,2.161,1.803,1.984,NaN,1.015,0.775,NaN,Inf,0.262,0.51,Inf,Inf,1.041,Inf,0.737,Inf,Inf,1.779,Inf,Inf,Inf,Inf,2.281,NaN,0.698,0.264,Inf,0.559,0.355
"TN11J",0.107,0.012,1.638,1.512,Inf,NaN,0.988,0.615,NaN,Inf,0.223,0.66,NaN,Inf,0.952,NaN,0.681,Inf,NaN,1.095,NaN,NaN,NaN,Inf,1.116,NaN,0.526,0.364,Inf,0.88,0.746
"TN11K",0.133,0.014,1.348,1.462,Inf,NaN,0.721,0.806,NaN,Inf,0.278,0.565,Inf,Inf,1.008,NaN,0.861,Inf,Inf,1.375,Inf,NaN,NaN,Inf,1.704,NaN,0.82,0.327,2.545,0.806,0.581
"TN11L",0.203,0.014,1.541,1.125,Inf,NaN,0.907,0.76,NaN,Inf,0.241,0.825,NaN,Inf,1.115,NaN,0.641,Inf,NaN,2.08,NaN,NaN,NaN,Inf,1.094,NaN,0.738,0.545,1.263,1.129,0.602
"TN121",0.142,0.008,2.5,0.868,NaN,NaN,0.722,0.786,NaN,Inf,0.315,1.236,NaN,Inf,1.138,NaN,0.624,1.263,NaN,1.14,NaN,NaN,NaN,Inf,1.196,NaN,0.833,0.797,NaN,1.23,0.951
"TN122",0.195,0.013,1.647,1.4,Inf,NaN,1.222,0.679,NaN,Inf,0.326,0.704,Inf,Inf,0.917,NaN,0.702,Inf,NaN,1.111,NaN,NaN,NaN,Inf,1.241,NaN,0.908,0.256,Inf,0.797,0.6
"TN123",0.162,0.011,1.294,1.176,NaN,NaN,0.909,0.959,NaN,1.95,0.269,0.683,Inf,Inf,1.029,NaN,0.732,Inf,NaN,1.25,Inf,NaN,NaN,Inf,1.152,NaN,0.775,0.238,Inf,1.346,0.659
"TN124",0.151,0.019,1.255,0.958,1.788,NaN,0.845,1.395,Inf,3.065,0.208,0.449,Inf,Inf,1.004,Inf,2.09,Inf,NaN,1.953,NaN,NaN,NaN,Inf,1.081,Inf,1.146,0.299,NaN,1.058,0.672
"TN125",0.131,0.027,2.52,1.732,1.228,NaN,1.971,0.863,Inf,Inf,0.33,0.374,Inf,Inf,0.918,NaN,0.904,Inf,NaN,0.652,Inf,Inf,NaN,Inf,2.468,NaN,1.125,0.192,Inf,0.589,0.58
"TN126",0.209,0.041,2.154,4.438,1.452,Inf,1.7,1,Inf,Inf,0.381,0.438,Inf,Inf,0.917,Inf,1,Inf,Inf,0.977,Inf,Inf,NaN,Inf,1.487,Inf,0.881,0.288,Inf,0.598,0.573
"TN127",0.248,0.024,1.429,1.618,3.3,Inf,2.263,0.9,Inf,Inf,0.239,0.42,Inf,Inf,1.124,NaN,0.655,Inf,Inf,1.977,Inf,Inf,NaN,NaN,2.442,NaN,1.067,0.184,Inf,0.547,0.365
"TN131",0.115,0.011,2.145,1.5,Inf,NaN,0.946,0.763,NaN,Inf,0.296,0.434,NaN,Inf,0.785,NaN,0.445,Inf,NaN,2.21,NaN,NaN,NaN,Inf,0.938,NaN,0.904,0.223,Inf,0.601,0.58
"TN132",0.148,0.014,1.851,2.223,Inf,Inf,1.413,0.717,2.587,Inf,0.401,0.573,NaN,1.087,0.846,NaN,0.616,2.273,NaN,1.991,Inf,NaN,NaN,Inf,0.651,NaN,0.819,0.282,Inf,0.685,0.538
"TN133",0.162,0.007,2.283,2.06,NaN,NaN,0.824,0.859,NaN,Inf,0.334,0.601,NaN,Inf,0.829,NaN,0.779,Inf,NaN,1.059,NaN,NaN,NaN,Inf,1.191,NaN,0.775,0.24,Inf,0.83,0.771
"TN134",0.125,0.016,1.611,1.64,Inf,NaN,0.977,0.786,NaN,Inf,0.351,0.495,NaN,1.186,1.357,NaN,0.92,Inf,NaN,1.041,NaN,NaN,NaN,Inf,1.065,NaN,1.062,0.462,1.136,0.719,0.574
"TN135",0.171,0.011,1.355,1.24,1.305,NaN,1.332,1.147,NaN,Inf,0.326,0.644,NaN,Inf,0.786,NaN,0.502,1.625,NaN,0.898,Inf,NaN,Inf,Inf,0.804,NaN,0.912,0.228,Inf,0.779,0.567
"TN136",0.179,0.014,1.417,1.128,Inf,NaN,0.915,0.794,NaN,1.305,0.174,0.815,NaN,2.35,0.79,NaN,0.852,2.381,NaN,1.12,Inf,NaN,NaN,Inf,1.027,NaN,0.865,0.287,Inf,0.728,0.668
"TN137",0.128,0.008,1.537,1.034,Inf,NaN,0.776,0.73,NaN,Inf,0.234,0.625,NaN,Inf,1.397,NaN,0.634,1.38,NaN,2.234,Inf,NaN,NaN,Inf,1.141,NaN,1.151,0.302,Inf,0.953,0.484
"TN138",0.126,0.013,1.615,1.204,Inf,NaN,1.339,1.099,NaN,Inf,0.353,0.505,Inf,Inf,0.847,NaN,0.818,1.227,NaN,0.889,NaN,NaN,NaN,2.364,1.367,NaN,1.126,0.278,Inf,0.621,0.661
"TN139",0.091,0.008,1.167,1.279,NaN,NaN,0.552,0.935,NaN,Inf,0.263,0.824,NaN,Inf,1.279,NaN,0.662,Inf,Inf,1.448,Inf,NaN,NaN,NaN,1.109,NaN,0.863,0.356,Inf,1.026,0.58
"TN13A",0.208,0.018,1.481,1.196,1.32,Inf,2.889,1,1.4,Inf,0.32,0.397,Inf,Inf,0.968,Inf,0.773,Inf,Inf,1.073,Inf,Inf,Inf,Inf,1.333,NaN,1.165,0.202,1.565,0.663,0.455
"TN13B",0.228,0.017,1.449,1.308,Inf,NaN,1.263,1.309,Inf,Inf,0.353,0.441,Inf,Inf,0.925,NaN,1,Inf,Inf,1.667,Inf,Inf,NaN,Inf,2.237,NaN,1.211,0.308,Inf,0.602,0.589
"TN13C",0.194,0.029,1.613,1.706,Inf,NaN,1.806,0.802,Inf,Inf,0.416,0.42,Inf,2.06,0.889,Inf,0.843,Inf,Inf,0.848,Inf,Inf,Inf,Inf,1.476,Inf,1.114,0.485,Inf,0.6,0.622
"TN141",0.132,0.011,1.776,2.643,Inf,NaN,1.032,0.986,NaN,Inf,0.267,0.537,NaN,Inf,1.046,NaN,0.65,Inf,NaN,1.419,NaN,NaN,NaN,Inf,1.161,NaN,0.802,0.282,Inf,0.752,0.559
"TN142",0.254,0.036,1.253,1.529,1.36,Inf,1.645,0.931,Inf,Inf,0.283,0.368,Inf,1.37,1.016,Inf,0.604,Inf,Inf,0.871,Inf,Inf,NaN,Inf,2.189,NaN,1.2,0.242,1.308,0.55,0.532
"TN143",0.173,0.029,2.071,2.555,1.4,NaN,1.682,1.19,Inf,Inf,0.258,0.627,Inf,1.398,0.964,NaN,0.842,Inf,Inf,1.12,Inf,Inf,Inf,Inf,1.095,NaN,1,0.22,Inf,0.49,0.53
"TN144",0.148,0.025,1.232,1.004,1.51,Inf,1.931,1.48,Inf,Inf,0.247,0.547,Inf,1.938,0.901,Inf,0.821,Inf,Inf,1.19,Inf,Inf,Inf,Inf,1.079,Inf,1.887,0.346,Inf,0.686,0.632
"TN145",0.185,0.032,1.517,2.549,Inf,Inf,0.946,0.573,Inf,1.446,0.248,0.694,NaN,Inf,0.712,NaN,0.883,Inf,Inf,0.925,Inf,Inf,Inf,Inf,0.936,Inf,1.558,0.258,Inf,0.406,0.446
"TN146",0.203,0.041,1.66,1.305,Inf,Inf,1.6,1.979,Inf,1.71,0.312,0.461,Inf,Inf,1.027,Inf,1.062,Inf,Inf,2.068,Inf,Inf,Inf,Inf,2.439,NaN,1.855,0.309,Inf,0.623,0.414
"TN147",0.238,0.046,1.638,1.186,Inf,Inf,2.048,1.027,Inf,2.212,0.254,0.553,Inf,Inf,1.22,Inf,0.719,Inf,Inf,1.905,Inf,1.375,Inf,Inf,1.772,NaN,Inf,0.429,Inf,0.636,0.471
"TN148",0.2,0.044,1.155,1.223,2.318,Inf,1.681,1.239,Inf,2.86,0.268,0.549,Inf,1.319,0.789,Inf,0.809,Inf,3.28,1.679,Inf,1.475,Inf,Inf,1.237,NaN,1.393,0.423,Inf,0.762,0.68
"TN151",0.179,0.016,1.509,3.316,Inf,NaN,1.127,0.772,NaN,1.663,0.203,0.708,Inf,1.917,1.032,Inf,0.689,1.713,NaN,0.853,Inf,NaN,Inf,Inf,1.341,NaN,0.896,0.328,Inf,0.709,0.564
"TN152",0.154,0.019,2.038,2.112,Inf,NaN,0.906,0.561,Inf,2,0.326,0.654,Inf,1.935,0.901,Inf,0.64,1.955,Inf,1.037,Inf,NaN,Inf,1.225,0.947,NaN,1.012,0.409,Inf,0.61,0.763
"TN153",0.143,0.017,1.984,1.562,2.182,Inf,1.083,0.776,Inf,1.038,0.288,0.672,Inf,1.708,0.968,Inf,0.751,1.917,Inf,1,Inf,Inf,Inf,2.238,1.032,Inf,1.184,0.379,Inf,0.651,0.491
"TN154",0.209,0.029,1.991,1.325,1.913,Inf,1.097,0.998,Inf,1.989,0.299,0.628,Inf,2.224,0.853,Inf,0.61,4.227,Inf,1.094,Inf,Inf,Inf,Inf,1.003,NaN,1.682,0.484,Inf,0.82,0.517
"TN155",0.272,0.025,1.146,1.583,Inf,NaN,1.804,2.085,Inf,Inf,0.337,0.55,Inf,Inf,1.098,Inf,0.831,Inf,Inf,1.614,NaN,Inf,NaN,Inf,1.608,NaN,Inf,0.654,Inf,0.993,0.657
"TN156",0.133,0.039,1.238,1.139,Inf,NaN,1.985,0.787,Inf,1.924,0.304,0.94,1.452,1.318,0.736,Inf,0.729,Inf,Inf,1.803,Inf,1.758,Inf,2.086,0.941,Inf,Inf,0.657,Inf,1.56,0.625
"TN157",0.239,0.022,2.378,1.482,1.84,NaN,1.037,0.865,NaN,Inf,0.281,0.699,NaN,Inf,1.016,Inf,0.764,Inf,NaN,1.633,Inf,NaN,NaN,Inf,2.262,NaN,2.5,0.444,Inf,0.729,0.541
"TN158",0.171,0.024,0.776,2.162,1.725,NaN,1.017,1.06,Inf,Inf,0.452,0.499,NaN,2,1.138,Inf,0.884,Inf,Inf,0.947,3.674,Inf,NaN,Inf,1.601,NaN,2.25,1.292,Inf,0.762,0.297
"TN159",0.276,0.041,1.732,1.909,2.257,NaN,2.061,0.831,NaN,Inf,0.316,0.641,Inf,1.175,1.306,Inf,0.77,Inf,Inf,2.355,Inf,Inf,Inf,Inf,1.584,NaN,2.308,0.678,Inf,0.872,0.68
"TN15A",0.275,0.032,1.434,2.051,Inf,Inf,2.303,1.458,NaN,Inf,0.283,1.221,Inf,2.847,0.809,Inf,0.888,Inf,Inf,2.17,Inf,Inf,Inf,Inf,1.289,NaN,1.955,0.595,Inf,0.791,0.894
"TN15B",0.197,0.023,1.297,1.825,Inf,Inf,1.04,1,Inf,NaN,0.345,0.647,Inf,Inf,0.925,NaN,0.847,Inf,1.781,1.656,NaN,NaN,Inf,Inf,1.14,NaN,1.099,0.435,Inf,0.653,0.535
"TN15C",0.315,0.036,2.045,1.541,2.394,Inf,1.111,0.912,Inf,3.935,0.183,0.735,Inf,1.632,0.631,NaN,0.692,Inf,NaN,1.33,Inf,NaN,Inf,3.761,1.309,NaN,2.351,0.534,Inf,1.31,0.65
"TN15D",0.19,0.027,1.479,1.573,2.277,NaN,1.815,1.064,Inf,2.245,0.199,0.507,Inf,1.536,1.213,NaN,0.745,Inf,Inf,2.26,Inf,Inf,NaN,Inf,1.293,NaN,2.011,0.407,Inf,0.845,0.6
"TN15E",0.211,0.027,1.356,2.305,Inf,NaN,1.195,1.237,Inf,Inf,0.304,0.67,Inf,1.511,1.077,Inf,0.736,Inf,Inf,1.963,Inf,Inf,Inf,Inf,1.55,NaN,2.264,0.553,Inf,1.082,0.535
"TN15F",0.172,0.031,1.726,2.076,1.896,NaN,2.117,1.93,Inf,Inf,0.36,0.689,Inf,2.466,1.769,Inf,1.026,NaN,NaN,1.311,Inf,Inf,Inf,Inf,1.739,Inf,Inf,0.603,Inf,0.818,1.311
"TN15G",0.243,0.017,1.52,1.802,Inf,NaN,1.324,0.901,Inf,Inf,0.224,0.62,NaN,1.44,0.869,Inf,0.945,Inf,Inf,1.886,Inf,Inf,Inf,Inf,1.283,NaN,1.554,0.373,Inf,1.294,0.603
"TN161",0.234,0.032,1.821,1.708,2.091,Inf,2.529,0.93,2.222,1.542,0.281,0.634,Inf,1.385,1.661,NaN,0.824,Inf,Inf,2.1,Inf,Inf,NaN,Inf,1.965,Inf,2.357,0.435,Inf,0.693,0.693
"TN162",0.245,0.036,1.599,1.448,1.566,Inf,Inf,1.544,1.482,Inf,0.261,0.757,Inf,2.851,1.692,NaN,1.119,Inf,Inf,1.701,Inf,Inf,Inf,NaN,1.322,Inf,1.331,1.08,Inf,1.417,0.923
"TN163",0.182,0.019,1.07,1.887,1.869,Inf,1.614,1.75,3.109,2.739,0.51,0.36,Inf,3.152,0.943,Inf,1.569,Inf,Inf,Inf,1.103,Inf,Inf,Inf,1.43,Inf,1.679,0.477,Inf,0.862,0.594
"TN164",0.266,0.026,1.275,2.134,2.121,NaN,1.992,1.337,Inf,Inf,0.267,0.684,Inf,Inf,1.127,Inf,0.913,Inf,Inf,2.259,Inf,NaN,Inf,Inf,0.829,NaN,1.612,0.511,Inf,0.544,0.821
"TN165",0.357,0.043,1.52,1.627,1.533,Inf,1.82,0.532,2.128,2.491,0.31,0.664,Inf,1.694,0.718,Inf,0.793,4.536,2.054,1.883,Inf,Inf,2.204,Inf,0.893,Inf,Inf,0.44,1.563,0.908,1.035
"TN166",0.242,0.021,0.635,1.694,2.629,Inf,2.146,0.864,2.037,1.419,0.287,0.5,4.667,Inf,0.862,Inf,0.857,3.554,2.269,2.6,3.767,Inf,Inf,3.2,0.599,Inf,3.973,0.383,1.603,0.681,0.652
"TN171",0.181,0.011,1.792,2.274,Inf,NaN,0.862,0.908,NaN,Inf,0.307,0.774,Inf,Inf,1.046,NaN,0.679,Inf,NaN,0.956,NaN,NaN,NaN,Inf,1.252,NaN,2.129,0.252,Inf,0.981,0.604
"TN172",0.26,0.016,2.379,1.139,2.267,NaN,0.904,0.96,Inf,Inf,0.282,0.418,Inf,Inf,0.917,NaN,0.677,Inf,NaN,Inf,Inf,NaN,NaN,NaN,1.768,NaN,0.955,0.206,Inf,0.699,0.673
"TN173",0.377,0.04,1.674,1.287,1.814,Inf,1.743,0.846,Inf,2.306,0.277,0.661,Inf,Inf,0.928,Inf,0.852,Inf,Inf,1.789,Inf,Inf,NaN,Inf,1.186,NaN,2.132,0.417,Inf,0.751,0.894
"TN174",0.349,0.05,0.924,1.745,2.171,Inf,Inf,1.638,Inf,1.857,0.173,0.859,1.356,Inf,2.089,Inf,1.467,Inf,Inf,1.774,Inf,Inf,Inf,Inf,1.05,NaN,Inf,0.691,1.756,1.191,1.111
"TN175",0.344,0.037,0.767,2.301,1.861,Inf,2.122,0.985,Inf,2.076,0.373,0.776,Inf,Inf,1.627,NaN,0.885,Inf,Inf,2.084,Inf,Inf,Inf,Inf,1.486,Inf,Inf,0.596,NaN,1.264,0.68
"TN176",0.25,0.043,2.292,1.543,Inf,NaN,2.441,1.097,Inf,1.865,0.247,0.662,Inf,6.065,1.621,Inf,1.122,Inf,Inf,1.655,Inf,Inf,NaN,NaN,1.337,NaN,2.418,0.668,Inf,0.793,0.4
"TN177",0.255,0.073,1.041,2.088,1.157,2.931,3.545,1.966,Inf,2.762,0.306,0.63,Inf,2.225,1.17,Inf,0.676,0.983,Inf,0.805,Inf,2.047,2.457,Inf,1.168,NaN,NaN,0.581,Inf,0.872,0.585
"TN178",0.295,0.022,1.144,2.056,3.522,Inf,1.132,1.238,Inf,Inf,0.277,0.708,NaN,1.794,0.626,NaN,0.8,Inf,Inf,1.197,NaN,Inf,NaN,Inf,1.827,NaN,Inf,0.298,Inf,0.853,0.737
"TN179",0.212,0.022,1.438,1.763,1.64,NaN,0.987,0.932,Inf,Inf,0.217,0.496,2.481,Inf,0.909,Inf,0.677,Inf,Inf,0.801,Inf,Inf,NaN,Inf,1.446,Inf,Inf,0.257,Inf,1.047,0.561
"TN17A",0.141,0.04,1.598,1.917,2.133,NaN,Inf,3.22,Inf,Inf,0.335,0.507,NaN,Inf,0.723,NaN,0.695,NaN,Inf,1.341,Inf,Inf,NaN,Inf,1.314,NaN,Inf,0.822,NaN,0.48,0.685
"TN17B",0.166,0.014,1.25,2.202,1.778,NaN,3.38,1.825,NaN,Inf,0.237,0.625,NaN,1.667,0.802,Inf,0.759,Inf,Inf,3.889,Inf,NaN,NaN,Inf,1.366,NaN,Inf,0.248,Inf,1.048,0.64
"TN17C",0.212,0.016,1.562,1.516,1.733,NaN,1.053,1.3,NaN,1.68,0.392,0.567,NaN,Inf,1.266,Inf,0.802,Inf,NaN,1.565,Inf,Inf,NaN,Inf,1.035,NaN,1.821,0.321,1.591,0.621,0.709
"TN17D",0.191,0.045,2.104,0.927,1.633,NaN,1.653,1.825,Inf,Inf,0.693,0.702,Inf,Inf,1.659,NaN,0.893,Inf,Inf,Inf,Inf,Inf,Inf,Inf,1.235,Inf,1.667,0.315,1.667,0.78,0.714
"TN17E",0.195,0.018,1.882,1.953,Inf,NaN,1.957,1.057,NaN,1.3,0.361,0.638,Inf,Inf,1.084,NaN,0.717,Inf,NaN,2.118,Inf,Inf,Inf,Inf,1.068,NaN,1.819,0.362,1.389,0.572,0.702
"TN211",0.284,0.056,2.04,1.75,Inf,NaN,2.061,1.08,Inf,Inf,0.259,0.778,Inf,Inf,0.958,NaN,1.049,Inf,Inf,2.25,Inf,Inf,Inf,NaN,1.556,NaN,1.761,0.385,Inf,0.709,0.675
"TN212",0.295,0.044,1.589,1.778,2.379,Inf,1.617,1.018,Inf,Inf,0.202,1.039,NaN,Inf,1.439,Inf,0.938,Inf,NaN,1.731,Inf,Inf,NaN,Inf,1.333,NaN,1.857,0.442,Inf,1.235,0.657
"TN213",0.278,0.06,1.473,1.118,2.407,Inf,1.642,1.413,1.532,7.429,0.218,1.12,Inf,Inf,0.92,Inf,0.657,1.764,Inf,1.419,3.25,6.107,Inf,Inf,0.905,Inf,3.821,0.856,2.974,0.857,0.789
"TN214",0.427,0.086,1.602,1.464,1.679,Inf,Inf,1.298,Inf,2.006,0.314,0.72,2.024,Inf,1.332,2.041,1.128,Inf,Inf,1.88,5.125,2.172,Inf,Inf,1.938,Inf,Inf,0.656,2.19,0.856,0.545
"TN215",0.294,0.067,2.37,1.231,2.519,NaN,1.569,1.127,Inf,Inf,0.409,0.787,Inf,Inf,0.941,Inf,0.994,Inf,Inf,1.628,Inf,Inf,Inf,NaN,2.029,Inf,Inf,0.513,Inf,1.103,0.606
"TN216",0.363,0.077,1.56,1.419,Inf,Inf,1.569,1.031,1.24,Inf,0.18,0.761,Inf,Inf,1.63,Inf,0.774,Inf,Inf,Inf,Inf,NaN,Inf,Inf,1.579,Inf,Inf,0.424,1.425,1.084,0.274
"TN217",0.314,0.049,0.978,3.12,1.802,Inf,1.528,1.548,Inf,Inf,0.324,1.065,Inf,Inf,1.186,NaN,1.059,Inf,Inf,Inf,NaN,Inf,NaN,Inf,1.354,Inf,Inf,0.714,Inf,0.905,0.809
"TN218",0.344,0.035,1.143,0.881,Inf,Inf,2.208,1.981,Inf,0.812,0.258,0.514,Inf,1.3,0.741,1.222,0.632,Inf,2.333,Inf,Inf,Inf,Inf,NaN,1.373,NaN,NaN,0.6,Inf,1.011,0.723
"TN219",0.292,0.029,1.669,2.708,Inf,NaN,1.964,1.349,Inf,Inf,0.384,0.66,Inf,Inf,1.451,NaN,1.275,Inf,Inf,Inf,NaN,Inf,NaN,Inf,2.192,NaN,Inf,0.39,Inf,1.168,0.814
"TN221",0.294,0.032,2.155,2.122,2.261,NaN,1.711,1.571,Inf,Inf,0.236,0.484,Inf,Inf,0.909,Inf,1,Inf,NaN,2.419,NaN,Inf,Inf,Inf,1.48,NaN,2.032,0.501,Inf,0.934,0.493
"TN222",0.322,0.042,1.155,1.989,1.948,Inf,1.206,1.855,2.378,5.182,0.269,0.901,Inf,1.68,1.04,Inf,1.266,3.7,Inf,1.699,Inf,Inf,Inf,Inf,1.165,Inf,Inf,0.545,Inf,0.983,0.614
"TN223",0.246,0.031,1.56,1.03,2.345,Inf,1.302,1.7,Inf,Inf,0.284,0.745,Inf,1.64,1.382,NaN,0.843,Inf,NaN,Inf,Inf,2.031,Inf,Inf,1.042,Inf,1.423,0.595,Inf,0.743,0.467
"TN224",0.322,0.049,2.481,2.642,1.507,Inf,1.557,1.709,2.333,2,0.261,0.579,Inf,1.735,1.029,Inf,1.727,Inf,Inf,1.804,3.542,Inf,Inf,Inf,1.755,Inf,1.811,0.531,1.963,0.584,0.556
"TN225",0.317,0.066,1.158,2.1,3.075,1.8,1.587,1.588,2.241,3.056,0.345,0.865,Inf,1.69,0.693,Inf,1.215,2.433,3.078,1.476,Inf,Inf,2.721,Inf,1.249,Inf,Inf,0.762,2.861,0.689,0.919
"TN226",0.349,0.065,0.985,1.591,3.007,3.276,5.121,1.625,2.051,2.102,0.37,0.789,1.993,1.985,1.553,Inf,1.388,4.203,1.658,1.537,Inf,Inf,Inf,Inf,1.135,Inf,NaN,0.914,Inf,1.247,0.775
"TN227",0.399,0.043,1.43,1.638,2.395,Inf,2.462,2.154,Inf,1.846,0.287,1.022,Inf,2.462,1.286,Inf,1.405,Inf,NaN,2,Inf,Inf,Inf,NaN,1.374,NaN,Inf,0.542,Inf,0.871,0.569
"TN228",0.298,0.044,0.582,1.261,1.496,Inf,4.817,1.789,1.916,2,0.274,0.849,1.695,Inf,1.17,Inf,2.163,1.937,Inf,1.364,Inf,1.593,Inf,Inf,0.917,Inf,Inf,0.354,Inf,0.809,0.722
"TN229",0.238,0.047,1.19,1.794,2.66,Inf,2.238,2.765,Inf,Inf,0.284,0.74,Inf,2.169,0.891,Inf,1.163,Inf,Inf,1.841,Inf,Inf,Inf,Inf,1.144,Inf,Inf,0.731,Inf,0.841,1.035
"TN231",0.224,0.037,1.795,1.232,Inf,Inf,1.169,2.051,Inf,Inf,0.177,0.535,Inf,2.978,0.582,Inf,1.542,NaN,NaN,3.761,Inf,Inf,Inf,Inf,1.008,NaN,2.052,0.426,Inf,0.471,0.469
"TN232",0.257,0.038,1.671,2.482,Inf,NaN,0.988,1.988,NaN,Inf,0.264,0.95,NaN,Inf,1.469,Inf,0.912,Inf,NaN,2.13,Inf,Inf,NaN,Inf,1.923,NaN,2.04,0.48,Inf,0.749,0.614
"TN233",0.365,0.081,1.217,3.021,Inf,Inf,2.75,2.384,Inf,2.766,0.227,1.011,Inf,1.851,2.426,Inf,1.099,Inf,Inf,Inf,Inf,Inf,Inf,Inf,1.563,Inf,Inf,0.716,Inf,0.633,1.188
"TN234",0.285,0.06,1.296,2.276,Inf,NaN,Inf,4.108,Inf,Inf,0.307,1.201,Inf,2.2,2,Inf,1.573,Inf,Inf,Inf,Inf,Inf,Inf,NaN,2.175,NaN,Inf,1.197,Inf,1.062,1.06
"TN235",0.232,0.059,1.297,1.416,2.198,Inf,2.46,4.531,Inf,Inf,0.34,0.835,Inf,Inf,1.299,Inf,1.888,Inf,Inf,3.034,Inf,Inf,Inf,Inf,1.5,NaN,3.528,0.653,NaN,0.934,0.841
"TN236",0.321,0.06,1.149,1.625,2.063,Inf,1.867,2.132,Inf,Inf,0.163,0.79,4.338,Inf,1.596,1.85,1.042,3.295,Inf,2.062,2.36,Inf,Inf,NaN,1.359,NaN,Inf,0.567,Inf,1.392,0.686
"TN237",0.356,0.033,0.848,1.802,Inf,1.922,Inf,2.838,Inf,Inf,0.3,0.943,Inf,NaN,4.2,Inf,1.841,1.672,2.13,Inf,2.583,NaN,Inf,Inf,0.546,Inf,Inf,0.415,NaN,0.435,0.623
"TN238",0.238,0.064,1.414,2.566,Inf,Inf,2.925,Inf,Inf,Inf,0.27,0.633,Inf,Inf,1.139,Inf,1.291,Inf,Inf,Inf,NaN,Inf,Inf,Inf,1.7,NaN,2.706,0.63,Inf,0.747,0.673
"TN239",0.366,0.049,1.432,0.877,Inf,Inf,Inf,1.647,Inf,Inf,0.309,0.426,NaN,Inf,0.762,Inf,1.053,Inf,NaN,Inf,1.773,Inf,Inf,Inf,1.753,Inf,2.062,0.718,Inf,1.672,0.516
"TN23A",0.249,0.043,1.613,1.212,Inf,Inf,Inf,3.352,Inf,Inf,0.231,0.612,Inf,Inf,1.898,Inf,1.22,Inf,Inf,Inf,Inf,Inf,NaN,Inf,1.543,NaN,2.795,0.503,Inf,1.016,0.545
"TN23B",0.071,0.012,0.227,0.168,2.206,Inf,1.301,1.741,Inf,1.917,0.188,0.457,Inf,Inf,1.294,Inf,0.558,3.5,Inf,2.466,Inf,2.138,Inf,NaN,1.378,Inf,1.795,0.658,Inf,0.947,0.725
"TN241",0.453,0.036,1.455,5.458,Inf,Inf,Inf,2.353,NaN,Inf,0.482,0.575,Inf,Inf,1.796,Inf,1.237,2.415,NaN,Inf,Inf,Inf,Inf,Inf,3.1,NaN,Inf,0.538,Inf,0.633,0.359
"TN242",0.443,0.053,2.51,2.453,Inf,NaN,Inf,1.932,Inf,Inf,0.627,0.701,Inf,NaN,1.746,Inf,1.943,Inf,NaN,2.696,Inf,Inf,NaN,Inf,3.548,NaN,Inf,0.721,NaN,1.011,0.431
"TN243",0.38,0.041,2.034,1.567,2.552,Inf,Inf,2.088,Inf,2.656,0.549,0.483,Inf,Inf,1.068,Inf,1.136,2.738,NaN,2.176,1.893,3.069,Inf,Inf,2.588,NaN,Inf,0.446,Inf,0.74,0.36
"TN244",0.366,0.048,1.194,1.828,2.107,Inf,Inf,2.259,Inf,Inf,0.676,0.785,2.5,Inf,0.753,Inf,1.628,2.412,NaN,Inf,Inf,Inf,NaN,Inf,1.677,NaN,Inf,0.709,Inf,1.104,0.373
"TN245",0.192,0.028,1.01,1.162,Inf,NaN,Inf,3.382,NaN,Inf,0.229,0.904,Inf,Inf,2.44,Inf,1.81,Inf,Inf,2.107,Inf,2.914,NaN,NaN,1.406,NaN,NaN,0.925,NaN,1.641,0.661
"TN246",0.284,0.043,1.113,1.911,Inf,NaN,3.204,Inf,NaN,Inf,0.322,0.524,Inf,Inf,2.865,NaN,1.612,2.45,Inf,4.379,NaN,2.616,Inf,Inf,2.012,Inf,Inf,0.662,Inf,1.022,0.398
"TN247",0.361,0.041,1.927,1.659,Inf,Inf,Inf,3,Inf,Inf,0.378,0.763,1.939,Inf,2.463,Inf,1.8,Inf,Inf,Inf,Inf,Inf,Inf,Inf,1.611,NaN,1.557,0.723,NaN,0.72,0.462
"TN248",0,0,0,0,Inf,Inf,Inf,2,Inf,3.622,0.515,0.938,Inf,Inf,1.945,Inf,2,Inf,Inf,5.098,Inf,1.753,Inf,NaN,1.795,NaN,7.724,1.372,Inf,1.423,0.766
"TN249",0.294,0.043,0.718,2.485,NaN,NaN,NaN,1.373,Inf,Inf,0.457,0.871,Inf,NaN,1.721,NaN,1.547,2.459,NaN,Inf,Inf,Inf,NaN,NaN,1.347,NaN,NaN,0.754,NaN,1.092,0.483
"TN24A",0.237,0.041,1.064,2.32,Inf,NaN,Inf,1.306,Inf,Inf,0.322,1.269,4.439,Inf,1.565,NaN,1.068,Inf,NaN,4.724,Inf,Inf,Inf,Inf,1.833,NaN,Inf,0.5,Inf,0.973,0.463
"TN24B",0,0.003,0.11,1,Inf,NaN,NaN,Inf,NaN,NaN,0.825,1.041,Inf,NaN,2.742,NaN,1.581,Inf,NaN,NaN,Inf,Inf,NaN,NaN,Inf,NaN,NaN,0.935,NaN,0.804,0.168
"TN311",0.197,0.011,1.51,2.49,Inf,NaN,0.939,0.414,NaN,Inf,0.156,1,NaN,1.426,1.132,NaN,0.776,NaN,NaN,1.589,NaN,NaN,NaN,Inf,1.907,NaN,1.068,0.448,Inf,0.92,0.855
"TN312",0.274,0.009,1.225,1.098,Inf,NaN,0.957,0.981,NaN,2.932,0.254,0.594,NaN,Inf,1.07,NaN,0.909,NaN,Inf,1.864,NaN,NaN,NaN,Inf,1.893,NaN,1.264,0.228,Inf,0.905,0.528
"TN313",0.191,0.009,1.34,1.326,NaN,NaN,0.765,0.543,NaN,Inf,0.178,1.038,NaN,1.87,1.333,NaN,0.955,Inf,Inf,2.071,NaN,NaN,NaN,Inf,2.26,NaN,1.281,0.298,Inf,1.449,0.645
"TN314",0.261,0.021,1.295,2.023,Inf,NaN,1.912,0.433,Inf,1.806,0.267,1.03,Inf,1.29,0.986,NaN,1.031,NaN,1.647,1.333,Inf,Inf,NaN,Inf,1.545,NaN,1,0.27,NaN,0.966,0.51
"TN315",0.176,0.009,2.3,2.043,NaN,NaN,1.192,0.541,NaN,Inf,0.212,1.211,NaN,Inf,1.519,NaN,1.048,Inf,NaN,1.773,NaN,NaN,NaN,NaN,2.04,NaN,1.152,0.597,NaN,1.054,0.483
"TN316",0.173,0.014,1.736,1.776,Inf,NaN,1.189,0.448,NaN,1.44,0.169,0.737,NaN,1.22,1.167,NaN,0.901,Inf,Inf,2.058,Inf,NaN,NaN,Inf,0.757,NaN,1.269,0.187,Inf,0.756,0.807
"TN317",0.239,0.011,1.758,2.045,Inf,NaN,1.433,0.375,NaN,Inf,0.214,1.594,NaN,1.938,1.453,Inf,1.672,NaN,NaN,1.875,NaN,NaN,NaN,Inf,0.907,NaN,2.078,0.31,Inf,1.06,0.634
"TN318",0.185,0.021,1.417,1.17,2.01,NaN,Inf,0.52,Inf,Inf,0.137,0.87,Inf,1.669,0.824,NaN,1.014,NaN,2.663,1.633,NaN,NaN,NaN,NaN,0.603,Inf,1.618,0.499,Inf,0.543,1.032
"TN319",0.191,0.016,0.633,1.315,0.926,NaN,1.312,0.578,NaN,2.609,0.12,0.97,NaN,Inf,1.542,NaN,1.167,2.087,1.261,1.283,NaN,NaN,NaN,NaN,1.87,Inf,Inf,0.999,NaN,1.431,0.557
"TN31A",0.215,0.04,1.751,2.38,1.984,NaN,1.942,0.475,NaN,1.942,0.229,0.783,Inf,Inf,1.31,NaN,1.254,Inf,Inf,Inf,Inf,Inf,Inf,Inf,1.73,NaN,Inf,0.504,Inf,0.901,1.422
"TN31B",0.304,0.045,1.35,2.777,2.438,NaN,2,1,Inf,1.795,0.252,0.702,Inf,Inf,0.865,Inf,0.79,Inf,1.964,1.645,Inf,Inf,Inf,1.417,1.654,NaN,Inf,0.543,Inf,0.712,0.684
"TN31C",0.223,0.028,1.031,2.663,1.591,NaN,1.207,0.822,Inf,2.155,0.196,2.183,1.645,1.038,0.612,NaN,1.005,Inf,0.619,Inf,2.155,Inf,Inf,Inf,2.384,Inf,1.645,0.48,NaN,0.618,0.26
"TN31D",0.254,0.025,0.937,0.896,4.455,Inf,Inf,0.971,NaN,2.694,0.336,1.4,4.441,1.875,0.665,NaN,1.354,Inf,3.261,4.441,NaN,NaN,Inf,NaN,0.986,Inf,1.13,0.469,NaN,0.544,0.628
"TN31E",0.159,0.012,1.423,1.808,Inf,NaN,1.25,0.552,NaN,Inf,0.606,1.08,NaN,1.708,1.037,NaN,0.815,Inf,Inf,1.731,Inf,NaN,NaN,NaN,1.107,NaN,Inf,0.309,Inf,0.845,0.653
"TN31F",0.178,0.018,2.006,1.847,Inf,Inf,1.68,0.612,NaN,Inf,0.262,0.929,NaN,1.976,1.45,NaN,0.812,NaN,NaN,1.762,Inf,NaN,NaN,NaN,1.537,NaN,2.8,0.227,NaN,1.45,1.091
"TN31G",0.222,0.02,1.369,1.254,1.4,NaN,2.516,0.674,Inf,1.548,0.193,0.953,Inf,1.677,1.119,Inf,0.958,Inf,Inf,1.424,Inf,NaN,NaN,Inf,1.527,NaN,1.083,0.374,Inf,0.826,0.512
"TN321",0.167,0.009,1.355,1.725,Inf,NaN,1.302,0.83,NaN,Inf,0.314,0.923,NaN,1.615,1.47,NaN,0.909,Inf,NaN,1.788,NaN,NaN,NaN,Inf,1.156,NaN,1.766,0.609,Inf,1.508,0.901
"TN322",0.155,0.008,0.675,0.477,Inf,Inf,1.017,0.394,NaN,Inf,0.158,0.891,NaN,1,1.386,NaN,0.844,Inf,NaN,0.667,NaN,NaN,NaN,Inf,0.922,NaN,1.603,0.273,NaN,1.359,1.824
"TN323",0.191,0.021,1.829,1.875,Inf,NaN,1.375,0.404,Inf,Inf,0.209,0.825,NaN,1.812,2.414,NaN,0.497,Inf,NaN,Inf,Inf,NaN,NaN,Inf,1.194,NaN,1.509,0.454,Inf,1.273,0.71
"TN324",0.236,0.016,0.971,2.289,Inf,Inf,Inf,0.795,NaN,Inf,0.26,0.681,NaN,1.457,1.292,NaN,0.66,Inf,NaN,1.357,NaN,Inf,NaN,NaN,1.203,NaN,Inf,0.671,NaN,1.595,0.554
"TN325",0.321,0.015,1.323,3.315,Inf,NaN,1.87,0.603,Inf,Inf,0.142,1.027,NaN,1.239,1.162,NaN,0.777,NaN,Inf,Inf,NaN,Inf,Inf,Inf,0.757,NaN,1.763,0.432,Inf,0.533,0.598
"TN326",0.225,0.011,2.054,1.966,Inf,NaN,2.357,0.551,NaN,1.42,0.188,0.921,NaN,2.293,1.107,NaN,0.967,Inf,NaN,2,NaN,NaN,NaN,NaN,1.189,NaN,Inf,0.513,Inf,1.072,0.575
"TN327",0.224,0.018,2.555,0.848,Inf,NaN,1.78,0.558,Inf,Inf,0.513,1.01,NaN,1.84,1.703,NaN,1.744,Inf,Inf,Inf,NaN,Inf,NaN,NaN,1.144,NaN,Inf,0.955,Inf,1.531,0.94
"TN328",0.245,0.014,1.435,1.861,Inf,NaN,1.609,0.966,NaN,Inf,0.186,1.087,NaN,1.436,1.114,NaN,0.685,Inf,NaN,2.481,Inf,NaN,NaN,NaN,1.174,NaN,Inf,0.542,Inf,0.861,0.762
"TN329",0.166,0.013,2.068,0.632,1.173,NaN,1.072,0.814,Inf,1.281,0.113,1.183,Inf,0.892,1.524,Inf,0.845,Inf,Inf,1.244,Inf,NaN,Inf,Inf,1.567,NaN,Inf,0.293,Inf,0.84,0.5
"TN32A",0.176,0.01,0.884,2,NaN,NaN,1.624,0.368,NaN,4.455,0.206,0.893,NaN,0.91,0.815,NaN,0.98,2.591,NaN,0.713,NaN,NaN,Inf,Inf,1.139,NaN,1.298,0.313,1.333,1.325,0.563
"TN32B",0.247,0.011,1.184,2.019,Inf,NaN,1.172,0.492,Inf,Inf,0.176,1.012,NaN,1.938,1.1,NaN,0.906,Inf,Inf,1.891,Inf,Inf,NaN,Inf,1.39,NaN,1.98,0.294,Inf,1.906,0.938
"TN32C",0.17,0.01,0.814,1.095,Inf,NaN,1.071,0.773,Inf,Inf,0.204,1.008,NaN,1.059,1.8,Inf,0.77,Inf,NaN,1.261,NaN,NaN,NaN,Inf,0.837,NaN,1.619,0.313,Inf,0.663,1.29
"TN32D",0.179,0.008,0.966,0.619,Inf,NaN,1.024,0.508,NaN,1.34,0.165,0.847,Inf,1.472,1.248,NaN,1.102,Inf,Inf,2.159,NaN,NaN,NaN,NaN,1.004,NaN,1.663,0.489,Inf,0.836,0.347
"TN331",0.257,0.01,1.221,0.943,Inf,Inf,1.078,0.561,NaN,1.444,0.237,0.683,Inf,1.598,0.68,NaN,0.621,Inf,NaN,1.216,Inf,Inf,NaN,1.644,1.404,Inf,1.116,0.479,Inf,0.946,0.767
"TN332",0.235,0.018,0.956,1.204,1.867,Inf,1.78,0.516,Inf,1.863,0.271,0.614,NaN,3.804,1.153,Inf,1.544,Inf,NaN,2.152,2.1,Inf,Inf,NaN,1.571,Inf,3.477,0.739,Inf,0.599,0.678
"TN333",0.214,0.031,1.2,2.229,1.903,NaN,1.657,2.24,Inf,2.162,0.283,1.072,Inf,Inf,2.45,Inf,0.701,Inf,Inf,Inf,Inf,Inf,Inf,NaN,0.659,Inf,Inf,0.777,NaN,0.752,0.777
"TN334",0.179,0.038,1.095,1.882,Inf,NaN,1.727,1.151,1.525,1.686,0.32,1.299,2.097,2.452,0.79,Inf,0.508,3.617,1.984,0.846,4.317,2.137,Inf,NaN,2.124,Inf,2.159,0.421,Inf,1.608,0.909
"TN335",0.208,0.066,0.97,1.361,2.354,Inf,1.309,0.833,2.5,3.449,0.613,0.847,Inf,1.057,1.121,Inf,0.681,1.795,Inf,1.42,Inf,5.191,Inf,Inf,0.771,1.319,1.514,0.777,4.294,0.495,0.709
"TN336",0.231,0.02,1.266,2.256,1.651,NaN,2.036,1.027,Inf,1.857,0.342,1.015,Inf,1.741,1.054,Inf,0.796,Inf,NaN,Inf,1.87,Inf,NaN,NaN,1.512,NaN,1.705,0.6,Inf,0.837,0.786
"TN337",0.426,0.023,1.866,2.224,4.833,Inf,2.195,0.918,NaN,2.77,0.192,1.03,Inf,Inf,0.902,Inf,0.832,Inf,NaN,2.981,NaN,Inf,NaN,NaN,1.517,NaN,1.827,0.426,Inf,1.99,1.012
"TN338",0.14,0.023,4.25,1,Inf,NaN,1.129,1.118,NaN,1.391,0.276,0.995,Inf,1.455,0.927,NaN,0.719,Inf,Inf,0.885,Inf,Inf,NaN,NaN,1.594,Inf,0.76,0.375,Inf,0.473,0.458
"TN339",0.276,0.027,0.941,2.642,Inf,NaN,1.837,1.684,Inf,Inf,0.245,0.801,Inf,3.571,0.527,Inf,1.065,Inf,Inf,4.5,Inf,Inf,Inf,NaN,1.079,NaN,1.407,0.357,Inf,1.011,0.69
"TN33A",0.301,0.042,1.487,2.095,2.645,NaN,2.297,1.087,Inf,6.46,0.445,1.016,Inf,2.057,1.11,Inf,0.876,Inf,Inf,Inf,Inf,Inf,Inf,NaN,1.337,NaN,3.83,0.787,Inf,0.829,0.853
"TN33B",0.261,0.027,1.504,2.728,Inf,NaN,0.899,0.966,NaN,1.609,0.187,0.837,Inf,1.993,1.16,NaN,0.555,Inf,NaN,1.029,Inf,Inf,Inf,NaN,1.249,NaN,1.783,0.377,1.451,1.094,0.759
"TN341",0.128,0.008,2.621,2.19,NaN,NaN,0.964,0.98,NaN,Inf,0.332,0.953,NaN,Inf,1.096,NaN,0.675,Inf,NaN,0.67,NaN,NaN,NaN,Inf,1.179,NaN,1.938,0.344,Inf,0.87,0.45
"TN342",0.13,0.011,1.436,1.796,Inf,NaN,0.805,0.835,NaN,Inf,0.397,0.845,NaN,Inf,1.462,NaN,0.675,Inf,NaN,0.79,Inf,NaN,NaN,Inf,1.081,NaN,1.924,0.31,Inf,0.976,0.409
"TN343",0.09,0.01,2.7,1.932,NaN,NaN,1.082,1.034,NaN,Inf,0.392,0.889,NaN,Inf,1.33,NaN,0.634,Inf,NaN,0.534,Inf,NaN,Inf,Inf,0.99,NaN,1.636,0.255,Inf,0.931,0.696
"TN344",0.128,0.01,3.125,2.01,NaN,NaN,1.063,1.302,NaN,2.725,0.361,0.889,NaN,Inf,1.183,NaN,0.788,Inf,NaN,0.496,Inf,NaN,NaN,Inf,1.014,NaN,1.61,0.198,Inf,0.869,0.494
"TN345",0.136,0.01,1.48,1.967,Inf,NaN,1.234,1.068,NaN,Inf,0.355,0.99,NaN,Inf,1.067,NaN,0.741,Inf,NaN,0.791,Inf,NaN,NaN,Inf,1.551,NaN,Inf,0.22,Inf,1.832,0.557
"TN346",0.191,0.013,1.547,0.978,Inf,NaN,0.97,1.9,Inf,1.669,0.388,0.984,NaN,NaN,1.094,NaN,0.911,NaN,Inf,0.917,1.343,NaN,Inf,Inf,2.313,Inf,2.061,0.272,Inf,0.712,0.377
"TN347",0.171,0.023,1.257,1.5,Inf,NaN,Inf,1.638,Inf,3.304,0.37,0.983,Inf,Inf,2.024,NaN,1.571,Inf,Inf,1.863,2.238,Inf,Inf,NaN,2.281,NaN,NaN,0.403,NaN,0.78,0.679
"TN348",0.286,0.015,1.185,1.631,Inf,NaN,1.55,2.326,Inf,Inf,0.787,0.682,Inf,Inf,0.83,NaN,1.566,Inf,Inf,1.163,Inf,Inf,NaN,NaN,1.263,NaN,Inf,0.548,Inf,1.374,1.592
"TN349",0.213,0.028,1.808,2.045,Inf,NaN,3.172,1.955,Inf,Inf,0.658,0.89,Inf,Inf,2.276,NaN,1.555,Inf,Inf,1.06,Inf,NaN,Inf,NaN,1.582,NaN,Inf,0.368,NaN,0.678,1.168
"TN34A",0.363,0.019,0.966,2.2,Inf,NaN,2.48,3.139,Inf,1.708,0.421,0.695,Inf,Inf,1.528,Inf,1.385,NaN,Inf,1.316,Inf,Inf,Inf,NaN,1.449,Inf,Inf,0.439,Inf,0.804,1.328
"TN34B",0.232,0.032,1.177,Inf,Inf,NaN,Inf,1.831,Inf,1.962,0.473,0.737,Inf,Inf,1.679,NaN,1.917,Inf,Inf,1.778,Inf,1.888,Inf,Inf,1.432,NaN,NaN,0.625,Inf,0.65,0.984
"TN34C",0.323,0.024,0.885,1.473,NaN,Inf,1.368,2.713,1.522,0.318,0.294,1.654,Inf,Inf,1.18,Inf,1.466,Inf,Inf,0.876,Inf,Inf,Inf,NaN,0.852,Inf,NaN,0.415,Inf,0.31,0.595
"TN34D",0.193,0.033,1.163,1.717,Inf,NaN,Inf,Inf,Inf,2.069,0.545,1.098,Inf,NaN,1.288,NaN,1.766,Inf,Inf,1.581,Inf,Inf,Inf,NaN,1.536,NaN,NaN,0.586,Inf,0.887,1.75
"TN34E",0.197,0.02,0.87,4.353,NaN,NaN,Inf,3.818,NaN,2.254,0.567,1.473,Inf,NaN,1.822,NaN,1.597,Inf,Inf,Inf,Inf,NaN,Inf,NaN,1.726,Inf,NaN,0.676,Inf,1.327,2.601
"TN34F",0.212,0.016,2.015,1.316,Inf,Inf,0.797,1.034,Inf,2.237,0.286,1.344,NaN,Inf,1.182,NaN,0.682,Inf,Inf,1.077,Inf,NaN,Inf,NaN,1.398,NaN,Inf,0.519,Inf,1.072,0.831
"TN34G",0.205,0.026,2.887,1.925,NaN,NaN,0.758,Inf,Inf,Inf,0.471,0.967,NaN,Inf,0.789,NaN,0.943,Inf,NaN,1.409,NaN,Inf,NaN,Inf,1.706,Inf,NaN,0.791,Inf,0.931,0.4
"TN411",0.26,0.018,1.672,2.92,Inf,NaN,2.071,0.871,1.591,2.889,0.267,1.102,NaN,Inf,1.222,NaN,1.104,NaN,Inf,2.074,Inf,NaN,NaN,1.182,1.263,NaN,1.963,0.268,Inf,1.042,0.532
"TN412",0.414,0.017,2.386,2.8,Inf,NaN,2.061,1.712,Inf,3.75,0.372,1.011,Inf,Inf,1.072,NaN,1.143,NaN,Inf,2.174,Inf,NaN,NaN,1.88,2.027,NaN,1.852,0.521,Inf,2.51,0.7
"TN413",0.285,0.042,1.09,Inf,1.725,Inf,2.2,2.541,Inf,2.865,0.564,0.786,Inf,Inf,1.617,Inf,1.551,Inf,1.5,Inf,Inf,Inf,Inf,Inf,3.043,NaN,Inf,0.499,Inf,1.208,0.853
"TN414",0.422,0.033,1.513,2.528,Inf,Inf,Inf,1.892,2.273,1.505,0.438,0.978,Inf,Inf,1.021,Inf,1.16,Inf,Inf,Inf,2.73,Inf,Inf,Inf,1.853,NaN,Inf,0.66,Inf,0.852,0.969
"TN415",0.337,0.041,0.887,1.895,Inf,NaN,Inf,2.99,Inf,1.991,0.306,1.168,Inf,Inf,1.721,NaN,1.724,Inf,Inf,Inf,Inf,Inf,Inf,Inf,1.613,NaN,NaN,0.647,NaN,0.88,1.234
"TN416",0.311,0.045,1.367,2,Inf,NaN,Inf,1.918,1.319,2.452,0.469,0.883,Inf,Inf,2.136,Inf,1.842,NaN,1.938,Inf,Inf,Inf,NaN,1.879,1.419,NaN,Inf,0.734,Inf,1.155,1.046
"TN417",0.338,0.034,0.695,3.171,Inf,Inf,Inf,1.567,2.562,4.317,0.412,1.577,Inf,NaN,1.665,Inf,2.241,Inf,Inf,Inf,Inf,Inf,Inf,3.282,1.195,Inf,Inf,0.924,4.267,1.438,0.931
"TN418",0.363,0.057,1.199,2.57,Inf,Inf,Inf,2.511,Inf,1.516,0.417,0.855,Inf,Inf,0.634,Inf,1.068,Inf,1.359,2.083,1.979,Inf,Inf,Inf,1.146,Inf,2.3,0.889,Inf,0.492,0.869
"TN419",0.306,0.041,0.836,2.216,Inf,Inf,Inf,2.471,3.519,1.451,0.458,1.523,1.885,Inf,1.16,Inf,1.691,2.964,Inf,Inf,2,Inf,Inf,Inf,1.818,NaN,Inf,0.663,Inf,0.95,1.635
"TN41A",0.215,0.026,1.288,6.333,Inf,NaN,NaN,1.903,Inf,2.124,0.595,1.446,Inf,NaN,2.083,Inf,1.124,Inf,Inf,Inf,1.994,Inf,Inf,Inf,1.951,Inf,NaN,0.683,Inf,0.802,1.276
"TN41B",0.341,0.035,1.29,2.993,Inf,NaN,Inf,2.5,Inf,1.811,0.678,1.168,Inf,Inf,1.678,NaN,2.725,Inf,Inf,Inf,1.978,Inf,NaN,Inf,1.693,NaN,Inf,0.698,Inf,0.611,1.272
"TN421",0.266,0.027,1.213,2.581,Inf,NaN,1.848,Inf,Inf,1.719,0.413,0.971,0.748,Inf,1.009,Inf,1.128,Inf,Inf,Inf,Inf,Inf,Inf,Inf,1.812,NaN,0.423,0.305,NaN,0.399,0.52
"TN422",0.232,0.037,0.768,2.254,Inf,NaN,Inf,Inf,2.25,Inf,0.656,0.971,1.268,NaN,1.453,Inf,2.395,NaN,Inf,Inf,Inf,Inf,Inf,NaN,Inf,NaN,0.874,0.478,Inf,1.187,1.17
"TN423",0.304,0.026,2.002,2.383,Inf,Inf,1.309,Inf,Inf,1.556,0.423,0.69,0.915,Inf,0.848,Inf,1.203,Inf,Inf,2.429,Inf,Inf,Inf,3.288,1.615,NaN,0.35,0.269,Inf,0.656,0.517
"TN424",0.378,0.024,0.748,Inf,Inf,NaN,NaN,Inf,Inf,2.283,0.653,1.635,Inf,NaN,3.141,NaN,Inf,NaN,NaN,NaN,Inf,NaN,Inf,NaN,1.57,Inf,1.653,0.909,Inf,1.127,Inf
"TN425",0.35,0.034,1.38,1.978,Inf,NaN,Inf,Inf,2.097,2.145,0.792,1.295,2.1,Inf,1.585,NaN,1.581,Inf,Inf,Inf,Inf,Inf,Inf,Inf,1.774,NaN,0.96,0.854,Inf,1.001,1.341
"TN426",0.316,0.032,1.281,2.826,Inf,NaN,NaN,Inf,2.027,Inf,0.939,1.104,Inf,Inf,Inf,NaN,Inf,Inf,NaN,Inf,NaN,NaN,Inf,NaN,1.761,NaN,0.992,1.002,Inf,1.592,1.022
"TN427",0.371,0.06,2.073,2.276,Inf,Inf,Inf,2.797,Inf,Inf,0.348,2.038,Inf,NaN,2.072,NaN,1.591,NaN,Inf,Inf,Inf,NaN,Inf,NaN,1.302,NaN,0.519,1.142,Inf,0.931,1.109
"TN428",0.326,0.049,1.395,1.264,Inf,NaN,Inf,Inf,1.732,1.101,0.587,1.429,Inf,NaN,3.612,NaN,1.341,Inf,Inf,NaN,Inf,2.056,Inf,NaN,Inf,Inf,1.791,0.614,Inf,0.638,2.721
"TN429",0.33,0.048,1.52,2.775,Inf,Inf,Inf,Inf,Inf,1.854,0.557,0.818,1.646,Inf,1.263,NaN,2,Inf,Inf,Inf,Inf,Inf,Inf,NaN,1.29,Inf,0.691,0.369,Inf,2.16,1.007
"TN42A",0.25,0.035,1.035,1.39,2.7,Inf,2.87,NaN,NaN,Inf,0.456,0.56,1.42,Inf,2.724,NaN,2.954,Inf,Inf,Inf,Inf,1.514,Inf,Inf,2.629,NaN,0.739,0.557,Inf,1.551,1.316
"TN42B",0.289,0.03,0.924,2.263,6.196,Inf,Inf,2.109,Inf,2.915,0.9,1.04,1.364,Inf,1.711,NaN,1.38,Inf,Inf,Inf,2.109,Inf,2.828,Inf,1.817,NaN,1.033,0.409,Inf,1.172,1.252
"TN42C",0.457,0.038,2.02,Inf,Inf,NaN,Inf,Inf,Inf,Inf,0.483,1.13,Inf,NaN,2.127,NaN,2.529,Inf,Inf,Inf,Inf,NaN,NaN,NaN,Inf,NaN,1.141,0.372,Inf,1.002,1.149
"TN42D",0.295,0.043,1.687,4.238,Inf,NaN,Inf,Inf,4.115,3.403,0.512,0.641,6,Inf,1.951,NaN,1.659,Inf,Inf,Inf,1.562,Inf,Inf,NaN,2.089,NaN,1.068,0.898,Inf,0.985,1.275
"TN431",0.345,0.016,1.742,2.189,NaN,NaN,Inf,Inf,NaN,2.008,0.528,0.957,Inf,NaN,2.026,NaN,1.883,NaN,NaN,Inf,Inf,NaN,NaN,NaN,Inf,NaN,4.043,0.768,Inf,0.269,1.29
"TN432",0.241,0.029,2.166,Inf,NaN,NaN,NaN,NaN,Inf,1.356,0.908,1.755,Inf,NaN,Inf,NaN,4.077,NaN,NaN,Inf,Inf,NaN,Inf,NaN,Inf,NaN,NaN,1.1,Inf,0.211,1.014
"TN433",0.375,0.028,1.389,2.457,Inf,Inf,NaN,Inf,1.939,1.121,0.528,1.912,2.03,NaN,1.988,NaN,2.397,Inf,Inf,1.841,Inf,NaN,1.993,Inf,1.814,NaN,1.651,0.936,Inf,0.395,3.99
"TN434",0.461,0.026,1.137,Inf,Inf,Inf,Inf,Inf,2.618,1.681,0.696,1.934,2.1,Inf,Inf,NaN,2.321,Inf,Inf,Inf,1.291,Inf,Inf,Inf,Inf,NaN,1.92,0.998,Inf,0.252,0.884
"TN435",0.366,0.023,1.473,2.639,Inf,NaN,NaN,Inf,Inf,0.992,0.568,2.094,Inf,NaN,3.41,Inf,Inf,NaN,NaN,Inf,Inf,NaN,Inf,NaN,Inf,NaN,Inf,1.326,Inf,0.265,1.423
"TN436",0.268,0.013,1.897,2.006,Inf,NaN,NaN,Inf,NaN,1.304,0.605,4.194,1.612,NaN,2.657,NaN,Inf,NaN,NaN,NaN,Inf,NaN,NaN,NaN,Inf,NaN,NaN,1.37,3.958,0.401,1.774
"TN437",0.239,0.024,1.611,2.112,NaN,NaN,Inf,Inf,Inf,1.196,0.978,1.72,Inf,NaN,1.196,NaN,Inf,Inf,NaN,NaN,Inf,NaN,NaN,NaN,Inf,NaN,Inf,1.326,Inf,0.494,1.392
"TN438",0.369,0.026,2.132,1.545,NaN,NaN,Inf,Inf,Inf,2.159,0.547,1.338,3.086,Inf,1.28,Inf,Inf,Inf,NaN,Inf,2.491,NaN,NaN,Inf,Inf,NaN,NaN,0.683,Inf,0.282,0.955
"TN439",0.229,0.032,1.32,2.178,Inf,NaN,Inf,Inf,Inf,0.979,0.692,Inf,1.227,Inf,Inf,NaN,Inf,NaN,NaN,Inf,Inf,Inf,Inf,NaN,Inf,NaN,NaN,1.159,2.241,0.121,1.342
"TN43A",0.282,0.016,1.648,3.011,NaN,NaN,Inf,Inf,Inf,1.406,0.459,1.341,5.212,NaN,1.685,Inf,2.091,NaN,NaN,NaN,Inf,Inf,Inf,NaN,2.341,NaN,Inf,0.871,Inf,0.565,2.049
"TN43B",0.268,0.02,1.758,2.4,NaN,NaN,NaN,NaN,Inf,0.919,0.707,2.195,1.667,NaN,1.76,NaN,Inf,NaN,NaN,Inf,Inf,Inf,NaN,NaN,Inf,NaN,Inf,1.317,Inf,0.286,1.956
"TN43C",0.32,0.023,1.332,Inf,NaN,NaN,NaN,Inf,Inf,1.007,0.796,1.97,Inf,NaN,Inf,NaN,Inf,NaN,NaN,Inf,NaN,NaN,Inf,NaN,2.161,NaN,Inf,0.862,Inf,0.407,1.093
"TN511",0.12,0.011,1.38,1.911,Inf,NaN,1.558,1.25,NaN,1.081,0.575,0.692,NaN,NaN,2.241,NaN,1.383,NaN,Inf,1.438,Inf,NaN,NaN,NaN,1.344,NaN,Inf,0.203,NaN,1.157,0.659
"TN512",0.144,0.024,2.539,2.339,NaN,NaN,2.261,2.065,NaN,1.389,0.382,0.889,NaN,NaN,1.175,NaN,1.509,Inf,Inf,1.88,Inf,NaN,Inf,Inf,2.407,NaN,Inf,0.119,NaN,0.802,1.217
"TN513",0.183,0.013,1.705,2.25,Inf,NaN,1.946,2.415,NaN,1.369,0.629,0.866,NaN,NaN,1.035,NaN,0.973,NaN,Inf,1.792,Inf,NaN,NaN,NaN,2.092,NaN,2.925,0.126,NaN,1.066,1.104
"TN514",0.195,0.015,1.801,2.25,NaN,NaN,Inf,1.78,Inf,Inf,0.421,0.734,NaN,Inf,1.672,Inf,2.303,Inf,NaN,Inf,Inf,Inf,Inf,NaN,1.688,Inf,1.721,0.088,Inf,0.914,1.216
"TN515",0.163,0.02,2.468,2,Inf,NaN,1.522,0.929,Inf,1.893,0.714,0.957,NaN,Inf,1.566,Inf,1.185,Inf,Inf,1.583,Inf,NaN,Inf,Inf,1.106,Inf,1.64,0.358,Inf,0.943,0.698
"TN516",0.245,0.019,1.458,3.077,Inf,NaN,Inf,Inf,Inf,Inf,0.706,0.899,NaN,Inf,2.068,Inf,Inf,Inf,Inf,NaN,Inf,NaN,NaN,NaN,Inf,NaN,NaN,0.176,NaN,1.263,2.128
"TN517",0.199,0.03,1.972,2.37,Inf,NaN,Inf,Inf,Inf,Inf,0.671,0.719,NaN,Inf,0.925,NaN,2.077,Inf,Inf,Inf,Inf,Inf,Inf,NaN,1.838,NaN,Inf,0.117,Inf,1.271,1.4
"TN518",0.063,0.04,0.387,2.514,2.316,NaN,Inf,Inf,NaN,2.171,0.594,1.044,NaN,Inf,Inf,Inf,Inf,Inf,Inf,Inf,NaN,Inf,3.921,Inf,2.316,Inf,Inf,0.17,NaN,1.326,3.351
"TN519",0.301,0.056,1.901,1.182,2.646,NaN,Inf,2.365,Inf,Inf,1.082,0.753,Inf,Inf,0.906,Inf,2.045,NaN,3.907,2.431,2.729,Inf,Inf,NaN,2.038,Inf,Inf,0.383,NaN,1.193,2.355
"TN51A",0.252,0.033,2.44,2.483,Inf,NaN,2.196,Inf,Inf,2.273,0.707,1.041,Inf,Inf,1.291,Inf,2.053,Inf,Inf,2.235,Inf,Inf,Inf,NaN,1.903,NaN,Inf,0.318,Inf,0.731,1.691
"TN521",0.23,0.013,2.04,1.979,NaN,NaN,Inf,Inf,Inf,Inf,0.644,1.09,Inf,Inf,1.089,NaN,1.125,NaN,Inf,1.78,2.1,NaN,NaN,NaN,1.742,NaN,Inf,0.125,NaN,0.567,0.946
"TN522",0.177,0.013,1.474,1.942,NaN,NaN,Inf,2,NaN,Inf,0.919,0.819,NaN,NaN,1.975,NaN,1.822,Inf,Inf,1.49,2.07,NaN,NaN,NaN,2.649,NaN,Inf,0.097,NaN,0.773,1.803
"TN523",0.191,0.026,1.017,Inf,Inf,NaN,NaN,4.344,Inf,Inf,0.851,1.526,Inf,Inf,1.753,NaN,2.188,Inf,Inf,Inf,2.244,Inf,Inf,NaN,2.097,Inf,NaN,0.136,NaN,0.704,1.332
"TN524",0.274,0.017,1.66,1.75,NaN,NaN,Inf,2.414,Inf,Inf,0.644,0.968,NaN,NaN,1.048,NaN,1.977,Inf,Inf,Inf,2.086,Inf,NaN,NaN,2.174,NaN,Inf,0.202,Inf,0.895,1.643
"TN525",0.275,0.022,1.786,1.608,Inf,NaN,1.75,1.8,Inf,Inf,0.537,0.875,NaN,Inf,1.366,Inf,0.919,Inf,Inf,1.889,Inf,NaN,NaN,Inf,1.228,Inf,Inf,0.27,Inf,0.759,0.703
"TN526",0.149,0.012,1.232,1.481,Inf,NaN,0.903,1.059,NaN,Inf,0.732,0.576,NaN,NaN,1.015,NaN,1.043,Inf,Inf,2.091,1.375,NaN,NaN,Inf,1.183,NaN,1.559,0.275,Inf,0.66,0.916
"TN527",0.165,0.011,1.448,1.7,Inf,NaN,1.194,2.06,NaN,Inf,0.643,0.672,NaN,Inf,0.967,NaN,0.872,NaN,Inf,1.871,Inf,NaN,NaN,NaN,1.667,NaN,Inf,0.222,Inf,0.686,1.131
"TN528",0.109,0.013,1.232,2,Inf,Inf,2.022,1.406,Inf,2.4,0.764,0.5,NaN,Inf,0.916,Inf,1.688,1.3,Inf,1.716,Inf,NaN,Inf,NaN,1.15,Inf,Inf,0.154,Inf,0.879,0.408
"TN529",0.162,0.015,1.055,2.032,NaN,Inf,Inf,2.036,Inf,Inf,0.922,1.086,Inf,Inf,2.019,Inf,2.838,Inf,Inf,Inf,2.544,Inf,Inf,NaN,2.755,NaN,NaN,0.189,NaN,1.038,2.022
"TN531",0.19,0.021,1.69,2.185,Inf,NaN,Inf,Inf,Inf,Inf,0.61,0.939,NaN,NaN,1.857,NaN,1.957,NaN,Inf,2.36,Inf,NaN,Inf,NaN,2.556,NaN,Inf,0.103,Inf,0.889,2
"TN532",0.217,0.017,1.113,1.057,NaN,NaN,Inf,Inf,Inf,Inf,0.858,0.82,NaN,NaN,2.853,NaN,2.611,Inf,Inf,Inf,Inf,Inf,Inf,NaN,3.407,NaN,Inf,0.136,Inf,0.691,1.6
"TN533",0.305,0.033,2.199,2.76,Inf,NaN,Inf,1.188,NaN,2.912,0.702,0.758,NaN,NaN,2.125,NaN,3.34,NaN,Inf,Inf,2.04,Inf,Inf,NaN,Inf,NaN,Inf,0.181,Inf,0.634,Inf
"TN534",0.156,0.019,1.354,1.427,Inf,Inf,Inf,1.449,Inf,Inf,0.788,0.451,Inf,NaN,Inf,NaN,2.829,NaN,NaN,Inf,1.59,NaN,NaN,NaN,1.673,NaN,Inf,0.219,Inf,0.303,1.878
"TN535",0.19,0.034,2.142,2.786,Inf,Inf,1.101,Inf,Inf,Inf,0.541,0.684,Inf,Inf,1.607,Inf,1.449,Inf,Inf,2.541,2.25,Inf,NaN,NaN,1.857,NaN,NaN,0.081,NaN,0.728,0.904
"TN536",0.094,0.048,Inf,1.052,Inf,NaN,Inf,2.3,Inf,1.658,0.379,0.558,NaN,Inf,0.235,NaN,1.974,NaN,Inf,NaN,1.194,Inf,NaN,2.081,1.316,Inf,Inf,0.244,NaN,1.848,0.36
"TN537",0.339,0.025,1.369,2,NaN,NaN,NaN,Inf,Inf,NaN,1.073,1.479,Inf,NaN,1.482,NaN,Inf,NaN,NaN,Inf,Inf,Inf,Inf,NaN,1.365,Inf,NaN,0.299,NaN,0.89,7.714
"TN611",0.2,0.019,2.756,Inf,Inf,NaN,NaN,8.529,Inf,Inf,0.541,1.046,Inf,NaN,0.952,NaN,1.646,Inf,Inf,3.484,3.548,Inf,Inf,Inf,2.414,NaN,Inf,0.405,Inf,0.989,0.982
"TN612",0.264,0.014,0.465,Inf,NaN,NaN,Inf,Inf,NaN,2.016,0.741,1.598,NaN,Inf,0.779,Inf,NaN,NaN,Inf,Inf,2.542,Inf,NaN,Inf,2.333,NaN,2.517,0.671,NaN,0.256,1.978
"TN613",0.279,0.018,1.444,2.629,Inf,NaN,1.971,1.491,Inf,Inf,0.455,0.907,Inf,NaN,0.64,3.731,1.424,Inf,Inf,Inf,Inf,Inf,Inf,Inf,2.724,NaN,Inf,0.191,Inf,0.672,0.529
"TN614",0.22,0.015,1.32,2.375,Inf,NaN,1.75,2.173,NaN,Inf,0.417,0.866,Inf,Inf,0.604,NaN,0.95,Inf,NaN,Inf,Inf,Inf,NaN,NaN,1.883,NaN,2.674,0.278,Inf,1.255,0.5
"TN615",0.307,0.018,2.421,2.597,NaN,NaN,Inf,Inf,NaN,Inf,0.569,1.024,NaN,NaN,1.188,NaN,2.222,Inf,NaN,Inf,Inf,NaN,NaN,NaN,3.241,NaN,NaN,0.238,NaN,0.499,0.929
"TN616",0.264,0.012,1.55,3.212,Inf,NaN,2.103,NaN,NaN,Inf,0.603,0.813,Inf,NaN,0.78,NaN,Inf,Inf,NaN,Inf,Inf,NaN,Inf,NaN,1.731,NaN,Inf,0.218,NaN,0.753,0.524
"TN617",0.25,0.013,2.368,1.905,Inf,NaN,Inf,Inf,NaN,Inf,0.577,0.619,NaN,NaN,0.807,NaN,0.872,NaN,Inf,Inf,Inf,NaN,NaN,NaN,Inf,NaN,Inf,0.2,Inf,0.577,0.732
"TN618",0.181,0.022,1.473,2.208,NaN,NaN,Inf,NaN,NaN,Inf,0.739,0.83,NaN,Inf,0.689,4.569,1.162,Inf,Inf,Inf,Inf,Inf,NaN,NaN,Inf,NaN,NaN,0.243,NaN,0.273,0.659
"TN619",0.388,0.024,1.379,Inf,Inf,Inf,3.923,1.871,Inf,Inf,0.601,1.039,Inf,NaN,1.356,Inf,4.24,NaN,Inf,Inf,Inf,NaN,NaN,NaN,Inf,NaN,Inf,0.457,NaN,1.179,0.853
"TN61A",0.369,0.034,2.224,4.803,Inf,NaN,Inf,Inf,NaN,Inf,0.77,2.225,NaN,Inf,0.788,Inf,Inf,NaN,NaN,Inf,Inf,Inf,Inf,NaN,Inf,NaN,NaN,0.518,Inf,1.672,1.204
"TN61B",0.263,0.026,1.801,2.598,NaN,NaN,Inf,2.312,Inf,1.851,0.491,1.496,Inf,NaN,0.814,NaN,1.506,Inf,Inf,Inf,Inf,Inf,NaN,NaN,1.432,NaN,Inf,0.548,Inf,0.665,0.816
"TN621",0.394,0.012,1.885,1.25,1.864,NaN,1.886,1.962,NaN,Inf,0.287,0.603,Inf,Inf,2.213,NaN,1.071,NaN,NaN,Inf,Inf,NaN,NaN,2.074,2.217,NaN,1.848,0.199,NaN,0.613,0.59
"TN622",0.224,0.02,1.749,1.346,1.947,Inf,2.066,2.092,Inf,3.885,0.456,0.632,Inf,Inf,1.029,Inf,1.302,Inf,Inf,Inf,Inf,Inf,Inf,Inf,1.767,Inf,Inf,0.27,Inf,0.527,0.887
"TN623",0.227,0.029,1.791,1.358,Inf,NaN,NaN,Inf,NaN,3,0.827,0.516,NaN,Inf,0.62,NaN,0.971,NaN,Inf,Inf,1.586,Inf,Inf,Inf,3.5,NaN,2.797,0.291,NaN,0.844,1.15
"TN624",0.36,0.015,1.117,1.453,Inf,NaN,1.62,Inf,NaN,Inf,0.381,0.521,NaN,Inf,1.777,NaN,1.056,Inf,Inf,Inf,1.792,Inf,NaN,Inf,2.469,Inf,Inf,0.209,Inf,0.414,0.648
"TN625",0.328,0.032,1.593,1.038,Inf,2.125,0.331,2.446,1.971,Inf,0.254,0.527,5.686,Inf,3.644,2.094,1.159,Inf,5.125,2.446,1.285,Inf,3.875,NaN,0.99,NaN,1.361,0.297,NaN,1.129,0.336
"TN631",0.161,0.017,1.857,1.404,NaN,NaN,Inf,Inf,NaN,Inf,1.234,1.205,Inf,NaN,2.5,NaN,2.273,Inf,Inf,Inf,1.958,Inf,NaN,NaN,Inf,NaN,Inf,0.248,NaN,1.588,1.474
"TN632",0.175,0.037,3.448,2.18,Inf,Inf,1.411,Inf,Inf,Inf,0.636,0.513,Inf,NaN,1.291,Inf,0.964,Inf,Inf,Inf,Inf,Inf,NaN,Inf,Inf,Inf,NaN,0.165,NaN,0.795,1.138
"TN633",0.214,0.024,1.869,1.824,Inf,Inf,1.361,Inf,Inf,Inf,0.8,0.935,Inf,NaN,1.193,NaN,2.429,NaN,Inf,Inf,1.545,Inf,Inf,NaN,2.441,NaN,Inf,0.204,NaN,1.147,0.904
"TN634",0.111,0.012,2.083,1.093,NaN,NaN,Inf,NaN,NaN,NaN,1.194,2.127,NaN,NaN,2.846,NaN,NaN,NaN,NaN,NaN,Inf,NaN,NaN,NaN,Inf,Inf,Inf,0.09,NaN,1.891,2.4
"TN635",0.193,0.024,1.514,0.978,NaN,NaN,3.5,1.221,NaN,NaN,1.258,1.248,Inf,Inf,1.577,NaN,1.947,Inf,Inf,Inf,1.766,Inf,NaN,NaN,1.952,Inf,Inf,0.232,Inf,1.152,1.059
"TN636",0.15,0.031,3.393,2.346,Inf,NaN,NaN,Inf,NaN,2.481,0.741,0.838,1.486,Inf,2.288,NaN,1.186,Inf,1.68,Inf,Inf,Inf,Inf,NaN,0.764,Inf,Inf,0.201,NaN,2.025,1.155
